case_id,noise_type,input_file,output_file,duration_sec,processing_sec,rtf,status
1,stationary,speech_001__stationary__snr_+0dB.wav,/mnt/c/Users/kunal/AURALIS/results/benchmark_rnnoise/stationary/speech_001__stationary__snr_+0dB__rnnoise.wav,10.435000,0.786213,0.075344,success
2,stationary,speech_001__stationary__snr_+5dB.wav,/mnt/c/Users/kunal/AURALIS/results/benchmark_rnnoise/stationary/speech_001__stationary__snr_+5dB__rnnoise.wav,10.435000,0.720660,0.069062,success
3,stationary,speech_001__stationary__snr_-5dB.wav,/mnt/c/Users/kunal/AURALIS/results/benchmark_rnnoise/stationary/speech_001__stationary__snr_-5dB__rnnoise.wav,10.435000,0.817596,0.078351,success
4,stationary,speech_002__stationary__snr_+0dB.wav,/mnt/c/Users/kunal/AURALIS/results/benchmark_rnnoise/stationary/speech_002__stationary__snr_+0dB__rnnoise.wav,3.275000,0.305038,0.093141,success
5,stationary,speech_002__stationary__snr_+5dB.wav,/mnt/c/Users/kunal/AURALIS/results/benchmark_rnnoise/stationary/speech_002__stationary__snr_+5dB__rnnoise.wav,3.275000,0.375366,0.114616,success
6,stationary,speech_002__stationary__snr_-5dB.wav,/mnt/c/Users/kunal/AURALIS/results/benchmark_rnnoise/stationary/speech_002__stationary__snr_-5dB__rnnoise.wav,3.275000,0.407008,0.124277,success
7,stationary,speech_003__stationary__snr_+0dB.wav,/mnt/c/Users/kunal/AURALIS/results/benchmark_rnnoise/stationary/speech_003__stationary__snr_+0dB__rnnoise.wav,6.625000,0.419967,0.063391,success
8,stationary,speech_003__stationary__snr_+5dB.wav,/mnt/c/Users/kunal/AURALIS/results/benchmark_rnnoise/stationary/speech_003__stationary__snr_+5dB__rnnoise.wav,6.625000,0.456977,0.068978,success
9,stationary,speech_003__stationary__snr_-5dB.wav,/mnt/c/Users/kunal/AURALIS/results/benchmark_rnnoise/stationary/speech_003__stationary__snr_-5dB__rnnoise.wav,6.625000,0.701187,0.105840,success
10,stationary,speech_004__stationary__snr_+0dB.wav,/mnt/c/Users/kunal/AURALIS/results/benchmark_rnnoise/stationary/speech_004__stationary__snr_+0dB__rnnoise.wav,2.680000,0.231162,0.086254,success
11,stationary,speech_004__stationary__snr_+5dB.wav,/mnt/c/Users/kunal/AURALIS/results/benchmark_rnnoise/stationary/speech_004__stationary__snr_+5dB__rnnoise.wav,2.680000,0.291371,0.108721,success
12,stationary,speech_004__stationary__snr_-5dB.wav,/mnt/c/Users/kunal/AURALIS/results/benchmark_rnnoise/stationary/speech_004__stationary__snr_-5dB__rnnoise.wav,2.680000,0.327027,0.122025,success
13,stationary,speech_005__stationary__snr_+0dB.wav,/mnt/c/Users/kunal/AURALIS/results/benchmark_rnnoise/stationary/speech_005__stationary__snr_+0dB__rnnoise.wav,5.215063,0.494430,0.094808,success
14,stationary,speech_005__stationary__snr_+5dB.wav,/mnt/c/Users/kunal/AURALIS/results/benchmark_rnnoise/stationary/speech_005__stationary__snr_+5dB__rnnoise.wav,5.215063,0.517671,0.099265,success
15,stationary,speech_005__stationary__snr_-5dB.wav,/mnt/c/Users/kunal/AURALIS/results/benchmark_rnnoise/stationary/speech_005__stationary__snr_-5dB__rnnoise.wav,5.215063,0.447897,0.085885,success
16,stationary,speech_006__stationary__snr_+0dB.wav,/mnt/c/Users/kunal/AURALIS/results/benchmark_rnnoise/stationary/speech_006__stationary__snr_+0dB__rnnoise.wav,9.635000,0.762050,0.079092,success
17,stationary,speech_006__stationary__snr_+5dB.wav,/mnt/c/Users/kunal/AURALIS/results/benchmark_rnnoise/stationary/speech_006__stationary__snr_+5dB__rnnoise.wav,9.635000,0.672963,0.069846,success
18,stationary,speech_006__stationary__snr_-5dB.wav,/mnt/c/Users/kunal/AURALIS/results/benchmark_rnnoise/stationary/speech_006__stationary__snr_-5dB__rnnoise.wav,9.635000,0.681965,0.070780,success
19,stationary,speech_007__stationary__snr_+0dB.wav,/mnt/c/Users/kunal/AURALIS/results/benchmark_rnnoise/stationary/speech_007__stationary__snr_+0dB__rnnoise.wav,10.555000,0.882765,0.083635,success
20,stationary,speech_007__stationary__snr_+5dB.wav,/mnt/c/Users/kunal/AURALIS/results/benchmark_rnnoise/stationary/speech_007__stationary__snr_+5dB__rnnoise.wav,10.555000,0.833829,0.078998,success
21,stationary,speech_007__stationary__snr_-5dB.wav,/mnt/c/Users/kunal/AURALIS/results/benchmark_rnnoise/stationary/speech_007__stationary__snr_-5dB__rnnoise.wav,10.555000,0.922447,0.087394,success
22,stationary,speech_008__stationary__snr_+0dB.wav,/mnt/c/Users/kunal/AURALIS/results/benchmark_rnnoise/stationary/speech_008__stationary__snr_+0dB__rnnoise.wav,4.275000,0.428502,0.100234,success
23,stationary,speech_008__stationary__snr_+5dB.wav,/mnt/c/Users/kunal/AURALIS/results/benchmark_rnnoise/stationary/speech_008__stationary__snr_+5dB__rnnoise.wav,4.275000,0.429579,0.100486,success
24,stationary,speech_008__stationary__snr_-5dB.wav,/mnt/c/Users/kunal/AURALIS/results/benchmark_rnnoise/stationary/speech_008__stationary__snr_-5dB__rnnoise.wav,4.275000,0.431770,0.100999,success
25,stationary,speech_009__stationary__snr_+0dB.wav,/mnt/c/Users/kunal/AURALIS/results/benchmark_rnnoise/stationary/speech_009__stationary__snr_+0dB__rnnoise.wav,6.730000,0.390190,0.057978,success
26,stationary,speech_009__stationary__snr_+5dB.wav,/mnt/c/Users/kunal/AURALIS/results/benchmark_rnnoise/stationary/speech_009__stationary__snr_+5dB__rnnoise.wav,6.730000,0.441246,0.065564,success
27,stationary,speech_009__stationary__snr_-5dB.wav,/mnt/c/Users/kunal/AURALIS/results/benchmark_rnnoise/stationary/speech_009__stationary__snr_-5dB__rnnoise.wav,6.730000,0.615009,0.091383,success
28,stationary,speech_010__stationary__snr_+0dB.wav,/mnt/c/Users/kunal/AURALIS/results/benchmark_rnnoise/stationary/speech_010__stationary__snr_+0dB__rnnoise.wav,10.575000,0.820296,0.077569,success
29,stationary,speech_010__stationary__snr_+5dB.wav,/mnt/c/Users/kunal/AURALIS/results/benchmark_rnnoise/stationary/speech_010__stationary__snr_+5dB__rnnoise.wav,10.575000,0.603020,0.057023,success
30,stationary,speech_010__stationary__snr_-5dB.wav,/mnt/c/Users/kunal/AURALIS/results/benchmark_rnnoise/stationary/speech_010__stationary__snr_-5dB__rnnoise.wav,10.575000,0.729055,0.068941,success
31,nonstationary,speech_001__nonstationary__snr_+0dB.wav,/mnt/c/Users/kunal/AURALIS/results/benchmark_rnnoise/nonstationary/speech_001__nonstationary__snr_+0dB__rnnoise.wav,10.435000,0.768948,0.073689,success
32,nonstationary,speech_001__nonstationary__snr_+5dB.wav,/mnt/c/Users/kunal/AURALIS/results/benchmark_rnnoise/nonstationary/speech_001__nonstationary__snr_+5dB__rnnoise.wav,10.435000,0.618962,0.059316,success
33,nonstationary,speech_001__nonstationary__snr_-5dB.wav,/mnt/c/Users/kunal/AURALIS/results/benchmark_rnnoise/nonstationary/speech_001__nonstationary__snr_-5dB__rnnoise.wav,10.435000,0.973077,0.093251,success
34,nonstationary,speech_002__nonstationary__snr_+0dB.wav,/mnt/c/Users/kunal/AURALIS/results/benchmark_rnnoise/nonstationary/speech_002__nonstationary__snr_+0dB__rnnoise.wav,3.275000,0.342272,0.104511,success
35,nonstationary,speech_002__nonstationary__snr_+5dB.wav,/mnt/c/Users/kunal/AURALIS/results/benchmark_rnnoise/nonstationary/speech_002__nonstationary__snr_+5dB__rnnoise.wav,3.275000,0.296496,0.090533,success
36,nonstationary,speech_002__nonstationary__snr_-5dB.wav,/mnt/c/Users/kunal/AURALIS/results/benchmark_rnnoise/nonstationary/speech_002__nonstationary__snr_-5dB__rnnoise.wav,3.275000,0.238458,0.072812,success
37,nonstationary,speech_003__nonstationary__snr_+0dB.wav,/mnt/c/Users/kunal/AURALIS/results/benchmark_rnnoise/nonstationary/speech_003__nonstationary__snr_+0dB__rnnoise.wav,6.625000,0.553805,0.083593,success
38,nonstationary,speech_003__nonstationary__snr_+5dB.wav,/mnt/c/Users/kunal/AURALIS/results/benchmark_rnnoise/nonstationary/speech_003__nonstationary__snr_+5dB__rnnoise.wav,6.625000,0.540312,0.081557,success
39,nonstationary,speech_003__nonstationary__snr_-5dB.wav,/mnt/c/Users/kunal/AURALIS/results/benchmark_rnnoise/nonstationary/speech_003__nonstationary__snr_-5dB__rnnoise.wav,6.625000,0.405581,0.061220,success
40,nonstationary,speech_004__nonstationary__snr_+0dB.wav,/mnt/c/Users/kunal/AURALIS/results/benchmark_rnnoise/nonstationary/speech_004__nonstationary__snr_+0dB__rnnoise.wav,2.680000,0.233989,0.087309,success
41,nonstationary,speech_004__nonstationary__snr_+5dB.wav,/mnt/c/Users/kunal/AURALIS/results/benchmark_rnnoise/nonstationary/speech_004__nonstationary__snr_+5dB__rnnoise.wav,2.680000,0.268037,0.100014,success
42,nonstationary,speech_004__nonstationary__snr_-5dB.wav,/mnt/c/Users/kunal/AURALIS/results/benchmark_rnnoise/nonstationary/speech_004__nonstationary__snr_-5dB__rnnoise.wav,2.680000,0.250505,0.093472,success
43,nonstationary,speech_005__nonstationary__snr_+0dB.wav,/mnt/c/Users/kunal/AURALIS/results/benchmark_rnnoise/nonstationary/speech_005__nonstationary__snr_+0dB__rnnoise.wav,5.215063,0.404857,0.077632,success
44,nonstationary,speech_005__nonstationary__snr_+5dB.wav,/mnt/c/Users/kunal/AURALIS/results/benchmark_rnnoise/nonstationary/speech_005__nonstationary__snr_+5dB__rnnoise.wav,5.215063,0.536189,0.102815,success
45,nonstationary,speech_005__nonstationary__snr_-5dB.wav,/mnt/c/Users/kunal/AURALIS/results/benchmark_rnnoise/nonstationary/speech_005__nonstationary__snr_-5dB__rnnoise.wav,5.215063,0.405280,0.077713,success
46,nonstationary,speech_006__nonstationary__snr_+0dB.wav,/mnt/c/Users/kunal/AURALIS/results/benchmark_rnnoise/nonstationary/speech_006__nonstationary__snr_+0dB__rnnoise.wav,9.635000,0.838533,0.087030,success
47,nonstationary,speech_006__nonstationary__snr_+5dB.wav,/mnt/c/Users/kunal/AURALIS/results/benchmark_rnnoise/nonstationary/speech_006__nonstationary__snr_+5dB__rnnoise.wav,9.635000,0.753026,0.078155,success
48,nonstationary,speech_006__nonstationary__snr_-5dB.wav,/mnt/c/Users/kunal/AURALIS/results/benchmark_rnnoise/nonstationary/speech_006__nonstationary__snr_-5dB__rnnoise.wav,9.635000,0.647346,0.067187,success
49,nonstationary,speech_007__nonstationary__snr_+0dB.wav,/mnt/c/Users/kunal/AURALIS/results/benchmark_rnnoise/nonstationary/speech_007__nonstationary__snr_+0dB__rnnoise.wav,10.555000,0.792310,0.075065,success
50,nonstationary,speech_007__nonstationary__snr_+5dB.wav,/mnt/c/Users/kunal/AURALIS/results/benchmark_rnnoise/nonstationary/speech_007__nonstationary__snr_+5dB__rnnoise.wav,10.555000,0.788109,0.074667,success
51,nonstationary,speech_007__nonstationary__snr_-5dB.wav,/mnt/c/Users/kunal/AURALIS/results/benchmark_rnnoise/nonstationary/speech_007__nonstationary__snr_-5dB__rnnoise.wav,10.555000,0.616662,0.058424,success
52,nonstationary,speech_008__nonstationary__snr_+0dB.wav,/mnt/c/Users/kunal/AURALIS/results/benchmark_rnnoise/nonstationary/speech_008__nonstationary__snr_+0dB__rnnoise.wav,4.275000,0.296708,0.069405,success
53,nonstationary,speech_008__nonstationary__snr_+5dB.wav,/mnt/c/Users/kunal/AURALIS/results/benchmark_rnnoise/nonstationary/speech_008__nonstationary__snr_+5dB__rnnoise.wav,4.275000,0.333572,0.078029,success
54,nonstationary,speech_008__nonstationary__snr_-5dB.wav,/mnt/c/Users/kunal/AURALIS/results/benchmark_rnnoise/nonstationary/speech_008__nonstationary__snr_-5dB__rnnoise.wav,4.275000,0.292041,0.068314,success
55,nonstationary,speech_009__nonstationary__snr_+0dB.wav,/mnt/c/Users/kunal/AURALIS/results/benchmark_rnnoise/nonstationary/speech_009__nonstationary__snr_+0dB__rnnoise.wav,6.730000,0.482800,0.071738,success
56,nonstationary,speech_009__nonstationary__snr_+5dB.wav,/mnt/c/Users/kunal/AURALIS/results/benchmark_rnnoise/nonstationary/speech_009__nonstationary__snr_+5dB__rnnoise.wav,6.730000,0.670889,0.099686,success
57,nonstationary,speech_009__nonstationary__snr_-5dB.wav,/mnt/c/Users/kunal/AURALIS/results/benchmark_rnnoise/nonstationary/speech_009__nonstationary__snr_-5dB__rnnoise.wav,6.730000,0.546138,0.081150,success
58,nonstationary,speech_010__nonstationary__snr_+0dB.wav,/mnt/c/Users/kunal/AURALIS/results/benchmark_rnnoise/nonstationary/speech_010__nonstationary__snr_+0dB__rnnoise.wav,10.575000,0.982872,0.092943,success
59,nonstationary,speech_010__nonstationary__snr_+5dB.wav,/mnt/c/Users/kunal/AURALIS/results/benchmark_rnnoise/nonstationary/speech_010__nonstationary__snr_+5dB__rnnoise.wav,10.575000,1.180824,0.111662,success
60,nonstationary,speech_010__nonstationary__snr_-5dB.wav,/mnt/c/Users/kunal/AURALIS/results/benchmark_rnnoise/nonstationary/speech_010__nonstationary__snr_-5dB__rnnoise.wav,10.575000,1.005077,0.095043,success
61,impulsive,speech_001__impulsive__snr_+0dB.wav,/mnt/c/Users/kunal/AURALIS/results/benchmark_rnnoise/impulsive/speech_001__impulsive__snr_+0dB__rnnoise.wav,10.435000,0.967332,0.092701,success
62,impulsive,speech_001__impulsive__snr_+5dB.wav,/mnt/c/Users/kunal/AURALIS/results/benchmark_rnnoise/impulsive/speech_001__impulsive__snr_+5dB__rnnoise.wav,10.435000,0.974663,0.093403,success
63,impulsive,speech_001__impulsive__snr_-5dB.wav,/mnt/c/Users/kunal/AURALIS/results/benchmark_rnnoise/impulsive/speech_001__impulsive__snr_-5dB__rnnoise.wav,10.435000,0.934142,0.089520,success
64,impulsive,speech_002__impulsive__snr_+0dB.wav,/mnt/c/Users/kunal/AURALIS/results/benchmark_rnnoise/impulsive/speech_002__impulsive__snr_+0dB__rnnoise.wav,3.275000,0.475870,0.145304,success
65,impulsive,speech_002__impulsive__snr_+5dB.wav,/mnt/c/Users/kunal/AURALIS/results/benchmark_rnnoise/impulsive/speech_002__impulsive__snr_+5dB__rnnoise.wav,3.275000,0.243543,0.074364,success
66,impulsive,speech_002__impulsive__snr_-5dB.wav,/mnt/c/Users/kunal/AURALIS/results/benchmark_rnnoise/impulsive/speech_002__impulsive__snr_-5dB__rnnoise.wav,3.275000,0.316335,0.096591,success
67,impulsive,speech_003__impulsive__snr_+0dB.wav,/mnt/c/Users/kunal/AURALIS/results/benchmark_rnnoise/impulsive/speech_003__impulsive__snr_+0dB__rnnoise.wav,6.625000,0.695973,0.105053,success
68,impulsive,speech_003__impulsive__snr_+5dB.wav,/mnt/c/Users/kunal/AURALIS/results/benchmark_rnnoise/impulsive/speech_003__impulsive__snr_+5dB__rnnoise.wav,6.625000,0.814183,0.122896,success
69,impulsive,speech_003__impulsive__snr_-5dB.wav,/mnt/c/Users/kunal/AURALIS/results/benchmark_rnnoise/impulsive/speech_003__impulsive__snr_-5dB__rnnoise.wav,6.625000,0.681484,0.102866,success
70,impulsive,speech_004__impulsive__snr_+0dB.wav,/mnt/c/Users/kunal/AURALIS/results/benchmark_rnnoise/impulsive/speech_004__impulsive__snr_+0dB__rnnoise.wav,2.680000,0.309791,0.115594,success
71,impulsive,speech_004__impulsive__snr_+5dB.wav,/mnt/c/Users/kunal/AURALIS/results/benchmark_rnnoise/impulsive/speech_004__impulsive__snr_+5dB__rnnoise.wav,2.680000,0.307210,0.114631,success
72,impulsive,speech_004__impulsive__snr_-5dB.wav,/mnt/c/Users/kunal/AURALIS/results/benchmark_rnnoise/impulsive/speech_004__impulsive__snr_-5dB__rnnoise.wav,2.680000,0.332142,0.123934,success
73,impulsive,speech_005__impulsive__snr_+0dB.wav,/mnt/c/Users/kunal/AURALIS/results/benchmark_rnnoise/impulsive/speech_005__impulsive__snr_+0dB__rnnoise.wav,5.215063,0.545690,0.104637,success
74,impulsive,speech_005__impulsive__snr_+5dB.wav,/mnt/c/Users/kunal/AURALIS/results/benchmark_rnnoise/impulsive/speech_005__impulsive__snr_+5dB__rnnoise.wav,5.215063,0.583324,0.111854,success
75,impulsive,speech_005__impulsive__snr_-5dB.wav,/mnt/c/Users/kunal/AURALIS/results/benchmark_rnnoise/impulsive/speech_005__impulsive__snr_-5dB__rnnoise.wav,5.215063,0.607135,0.116419,success
76,impulsive,speech_006__impulsive__snr_+0dB.wav,/mnt/c/Users/kunal/AURALIS/results/benchmark_rnnoise/impulsive/speech_006__impulsive__snr_+0dB__rnnoise.wav,9.635000,0.894546,0.092843,success
77,impulsive,speech_006__impulsive__snr_+5dB.wav,/mnt/c/Users/kunal/AURALIS/results/benchmark_rnnoise/impulsive/speech_006__impulsive__snr_+5dB__rnnoise.wav,9.635000,0.652834,0.067757,success
78,impulsive,speech_006__impulsive__snr_-5dB.wav,/mnt/c/Users/kunal/AURALIS/results/benchmark_rnnoise/impulsive/speech_006__impulsive__snr_-5dB__rnnoise.wav,9.635000,0.859367,0.089192,success
79,impulsive,speech_007__impulsive__snr_+0dB.wav,/mnt/c/Users/kunal/AURALIS/results/benchmark_rnnoise/impulsive/speech_007__impulsive__snr_+0dB__rnnoise.wav,10.555000,0.989506,0.093748,success
80,impulsive,speech_007__impulsive__snr_+5dB.wav,/mnt/c/Users/kunal/AURALIS/results/benchmark_rnnoise/impulsive/speech_007__impulsive__snr_+5dB__rnnoise.wav,10.555000,1.152314,0.109172,success
81,impulsive,speech_007__impulsive__snr_-5dB.wav,/mnt/c/Users/kunal/AURALIS/results/benchmark_rnnoise/impulsive/speech_007__impulsive__snr_-5dB__rnnoise.wav,10.555000,0.867287,0.082168,success
82,impulsive,speech_008__impulsive__snr_+0dB.wav,/mnt/c/Users/kunal/AURALIS/results/benchmark_rnnoise/impulsive/speech_008__impulsive__snr_+0dB__rnnoise.wav,4.275000,0.601207,0.140633,success
83,impulsive,speech_008__impulsive__snr_+5dB.wav,/mnt/c/Users/kunal/AURALIS/results/benchmark_rnnoise/impulsive/speech_008__impulsive__snr_+5dB__rnnoise.wav,4.275000,0.712968,0.166776,success
84,impulsive,speech_008__impulsive__snr_-5dB.wav,/mnt/c/Users/kunal/AURALIS/results/benchmark_rnnoise/impulsive/speech_008__impulsive__snr_-5dB__rnnoise.wav,4.275000,0.410920,0.096122,success
85,impulsive,speech_009__impulsive__snr_+0dB.wav,/mnt/c/Users/kunal/AURALIS/results/benchmark_rnnoise/impulsive/speech_009__impulsive__snr_+0dB__rnnoise.wav,6.730000,0.765062,0.113679,success
86,impulsive,speech_009__impulsive__snr_+5dB.wav,/mnt/c/Users/kunal/AURALIS/results/benchmark_rnnoise/impulsive/speech_009__impulsive__snr_+5dB__rnnoise.wav,6.730000,0.688591,0.102317,success
87,impulsive,speech_009__impulsive__snr_-5dB.wav,/mnt/c/Users/kunal/AURALIS/results/benchmark_rnnoise/impulsive/speech_009__impulsive__snr_-5dB__rnnoise.wav,6.730000,0.718466,0.106756,success
88,impulsive,speech_010__impulsive__snr_+0dB.wav,/mnt/c/Users/kunal/AURALIS/results/benchmark_rnnoise/impulsive/speech_010__impulsive__snr_+0dB__rnnoise.wav,10.575000,0.888664,0.084034,success
89,impulsive,speech_010__impulsive__snr_+5dB.wav,/mnt/c/Users/kunal/AURALIS/results/benchmark_rnnoise/impulsive/speech_010__impulsive__snr_+5dB__rnnoise.wav,10.575000,1.141149,0.107910,success
90,impulsive,speech_010__impulsive__snr_-5dB.wav,/mnt/c/Users/kunal/AURALIS/results/benchmark_rnnoise/impulsive/speech_010__impulsive__snr_-5dB__rnnoise.wav,10.575000,1.002876,0.094835,success
